,gdp PPP (capita),R&D spend,Adolescent fertility
Zimbabwe 1999,2304.45306,,100.1872
Zimbabwe 2017,3028.245976,,86.135
Zimbabwe 2018,21644.7553,,83.2486
Zimbabwe 2019,2961.446428,,80.3622
Zambia 1999,1590.652501,,160.0844
Zambia 2017,3485.005238,,120.112
Zambia 2018,21643.33304,,118.3048
Zambia 2019,3624.024939,,116.4976
"Yemen, Rep. 1999",2805.747562,,101.009
"Yemen, Rep. 2017",,,60.352
"Yemen, Rep. 2018",21641.91079,,59.1624
"Yemen, Rep. 2019",,,57.9728
World 1999,7553.769929,2.059985749,57.73336985
World 2017,16243.7777,2.144569558,42.4535128
World 2018,17038.92042,2.274139435,42.03551612
World 2019,17633.47488,2.126660649,41.57762525
West Bank and Gaza 1999,3056.449269,,86.4216
West Bank and Gaza 2017,6401.740891,,52.766
West Bank and Gaza 2018,6472.121785,,51.8828
West Bank and Gaza 2019,6495.209267,,50.9996
Virgin Islands (U.S.) 1999,,,58.4846
Virgin Islands (U.S.) 2017,,,28.887
Virgin Islands (U.S.) 2018,,,27.6482
Virgin Islands (U.S.) 2019,,,26.4094
Vietnam 1999,1840.440839,,29.0134
Vietnam 2017,7155.745829,0.52674,30.929
Vietnam 2018,7771.18942,,29.1518
Vietnam 2019,8397.021042,,27.3746
Venezuela (Bolivarian Republic of) 1999,11294.75595,,93.2982
Venezuela (Bolivarian Republic of) 2017,,,85.337
Venezuela (Bolivarian Republic of) 2018,,,84.9792
Venezuela (Bolivarian Republic of) 2019,,,84.6214
Vanuatu 1999,2117.729226,,60.619
Vanuatu 2017,3116.645194,,49.437
Vanuatu 2018,3204.679541,,48.9082
Vanuatu 2019,3292.544065,,48.3794
Uzbekistan 1999,2381.723501,,32.5734
Uzbekistan 2017,6518.804687,0.15566,23.79
Uzbekistan 2018,6920.044618,0.12976,24.2094
Uzbekistan 2019,7308.480745,0.18156,24.6288
Uruguay 1999,10264.50589,0.22417,66.2498
Uruguay 2017,21324.846,0.48393,58.727
Uruguay 2018,22116.7866,,58.2386
Uruguay 2019,22515.19359,0.40845,57.7502
Upper middle income 1999,4933.718793,,37.87215296
Upper middle income 2017,15677.33515,1.526197237,33.06714984
Upper middle income 2018,16687.06412,1.726355552,32.82263366
Upper middle income 2019,17455.91345,1.523859492,32.53742738
United States of America 1999,34513.5615,2.54965,
United States of America 2017,60062.22231,2.81741,
United States of America 2018,62996.47129,2.83766,
United States of America 2019,65297.51751,2.76145,
United Kingdom 1999,24414.68532,1.64171,28.8314
United Kingdom 2017,45809.05691,1.69829,13.37
United Kingdom 2018,47201.17913,1.72412,12.641
United Kingdom 2019,48484.27286,1.68211,11.912
United Arab Emirates 1999,91710.39095,,26.7902
United Arab Emirates 2017,67183.62656,,6.546
United Arab Emirates 2018,68599.61818,1.30316,5.8868
United Arab Emirates 2019,70089.32404,0.96366,5.2276
Ukraine 1999,3755.244356,0.96968,37.8344
Ukraine 2017,11871.12362,0.44839,23.711
Ukraine 2018,12629.14166,0.47134,23.0026
Ukraine 2019,13341.21052,0.48339,22.2942
Uganda 1999,1111.136768,,173.9914
Uganda 2017,2074.860241,,118.836
Uganda 2018,2173.958819,,116.0714
Uganda 2019,2284.265736,,113.3068
Tuvalu 1999,2410.993109,,
Tuvalu 2017,3898.065288,,
Tuvalu 2018,4043.767757,,
Tuvalu 2019,4470.857688,,
Turks and Caicos Islands 1999,,,
Turks and Caicos Islands 2017,27061.31876,,
Turks and Caicos Islands 2018,28848.42037,,
Turks and Caicos Islands 2019,30547.91252,,
Turkmenistan 1999,4009.084833,,25.0284
Turkmenistan 2017,14205.02158,,24.418
Turkmenistan 2018,15206.96193,,24.2324
Turkmenistan 2019,,,24.0468
Turkey 1999,8774.346907,0.45646,50.9132
Turkey 2017,27918.82966,0.96105,26.559
Turkey 2018,27949.86895,,25.5558
Turkey 2019,27318.42988,0.94464,24.5526
Tunisia 1999,5640.23019,,8.2378
Tunisia 2017,10605.25721,,7.841
Tunisia 2018,11025.99161,0.59997,7.85
Tunisia 2019,11231.57102,0.60353,7.859
Trinidad and Tobago 1999,13344.51154,0.12292,41.9514
Trinidad and Tobago 2017,26447.59327,0.09204,30.09
Trinidad and Tobago 2018,26912.91695,,29.3338
Trinidad and Tobago 2019,27334.18398,0.0941,28.5776
Tonga 1999,3556.013851,,22.0082
Tonga 2017,6472.409661,,14.662
Tonga 2018,6572.705516,,14.3302
Tonga 2019,6665.749949,,13.9984
Togo 1999,987.5726093,,95.6082
Togo 2017,1516.526046,,89.091
Togo 2018,1590.686226,,88.6878
Togo 2019,1667.300515,,88.2846
Timor-Leste 1999,,,60.9272
Timor-Leste 2017,3145.480591,,33.785
Timor-Leste 2018,3126.014207,,32.364
Timor-Leste 2019,3709.81127,,30.943
Thailand 1999,6910.330877,0.24836,44.206
Thailand 2017,17420.56515,1.00403,44.908
Thailand 2018,18527.09538,,44.6888
Thailand 2019,19276.89633,0.7802,44.4696
Tanzania 1999,1142.625978,,134.304
Tanzania 2017,2530.438453,,118.385
Tanzania 2018,2651.091047,,116.926
Tanzania 2019,2770.681172,,115.467
Tajikistan 1999,961.6835452,,47.2106
Tajikistan 2017,3089.530208,0.11536,57.076
Tajikistan 2018,3313.519458,0.09703,57.4706
Tajikistan 2019,3529.311126,0.10683,57.8652
Syrian Arab Republic 1999,,,61.6114
Syrian Arab Republic 2017,,,38.592
Syrian Arab Republic 2018,,,37.9512
Syrian Arab Republic 2019,,,37.3104
Switzerland 1999,33814.07929,,5.5508
Switzerland 2017,66697.57097,3.37286,2.763
Switzerland 2018,68709.44418,,2.6438
Switzerland 2019,70276.55474,,2.5246
Sweden 1999,27471.55827,3.41742,6.8854
Sweden 2017,51947.95425,3.39676,5.076
Sweden 2018,53553.31245,3.33937,5.1226
Sweden 2019,55027.36731,3.26923,5.1692
Suriname 1999,7401.294654,,86.1576
Suriname 2017,16372.57962,,61.655
Suriname 2018,17039.68568,,60.6396
Suriname 2019,17256.02045,,59.6242
Sudan 1999,1725.32515,0.53007,114.5236
Sudan 2017,4362.578409,,63.993
Sudan 2018,4258.775161,,60.796
Sudan 2019,4122.526685,,57.599
Sub-Saharan Africa (IDA & IBRD countries) 1999,1906.482141,,129.493725
Sub-Saharan Africa (IDA & IBRD countries) 2017,3753.368846,,102.7883399
Sub-Saharan Africa (IDA & IBRD countries) 2018,3849.086623,,101.2199127
Sub-Saharan Africa (IDA & IBRD countries) 2019,3926.788815,,99.63779704
Sub-Saharan Africa (excluding high income) 1999,1893.4711,,129.6384262
Sub-Saharan Africa (excluding high income) 2017,3729.930344,,102.8549314
Sub-Saharan Africa (excluding high income) 2018,3824.652701,,101.2840691
Sub-Saharan Africa (excluding high income) 2019,3901.596825,,99.69927051
Sub-Saharan Africa 1999,1906.482141,,129.493725
Sub-Saharan Africa 2017,3753.368846,,102.7883399
Sub-Saharan Africa 2018,3849.086623,,101.2199127
Sub-Saharan Africa 2019,3926.788815,,99.63779704
St. Vincent and the Grenadines 1999,5989.03241,,71.5278
St. Vincent and the Grenadines 2017,12245.01484,,49.02
St. Vincent and the Grenadines 2018,12770.09827,,48.1898
St. Vincent and the Grenadines 2019,13037.68109,,47.3596
St. Martin (French part) 1999,,,
St. Martin (French part) 2017,,,
St. Martin (French part) 2018,,,
St. Martin (French part) 2019,,,
St. Lucia 1999,9159.94451,0.30598,63.713
St. Lucia 2017,14945.73328,,40.536
St. Lucia 2018,15633.21742,,39.8792
St. Lucia 2019,16132.41452,,39.2224
St. Kitts and Nevis 1999,14593.88424,,
St. Kitts and Nevis 2017,25360.09102,,
St. Kitts and Nevis 2018,26532.46569,,
St. Kitts and Nevis 2019,27608.13499,,
Sri Lanka 1999,4029.04885,,28.6576
Sri Lanka 2017,12584.10442,,20.926
Sri Lanka 2018,13177.9884,,20.6904
Sri Lanka 2019,13656.83704,,20.4548
Spain 1999,19954.29022,0.84052,8.8896
Spain 2017,39528.92539,1.2058,7.725
Spain 2018,40720.1908,1.237,7.4904
Spain 2019,42185.58612,1.18526,7.2558
South Sudan 1999,,,125.8392
South Sudan 2017,,,62.04
South Sudan 2018,,,59.4332
South Sudan 2019,,,56.8264
South Asia (IDA & IBRD) 1999,1989.465683,0.650724464,75.12737664
South Asia (IDA & IBRD) 2017,5769.175349,0.621568755,25.58497242
South Asia (IDA & IBRD) 2018,6195.761491,0.64998,24.52304689
South Asia (IDA & IBRD) 2019,6499.957528,0.67111,23.44715162
South Asia 1999,1989.465683,0.650724464,75.12737664
South Asia 2017,5769.175349,0.621568755,25.58497242
South Asia 2018,6195.761491,0.64998,24.52304689
South Asia 2019,6499.957528,0.67111,23.44715162
South Africa 1999,7344.811918,,72.5508
South Africa 2017,12701.34893,0.83215,67.908
South Africa 2018,12935.54516,,67.8488
South Africa 2019,13034.16533,0.81882,67.7896
Somalia 1999,,,126.9142
Somalia 2017,,,100.085
Somalia 2018,,,97.6452
Somalia 2019,,,95.2054
Solomon Islands 1999,1915.403224,,70.719
Solomon Islands 2017,2665.97858,,78.003
Solomon Islands 2018,2765.502634,,78.4116
Solomon Islands 2019,2780.637751,,78.8202
Small states 1999,,,76.6395689
Small states 2017,20446.92949,,59.01540862
Small states 2018,21021.30173,,58.00402546
Small states 2019,21485.53529,,56.96663722
Slovenia 1999,17083.25172,1.33814,7.8452
Slovenia 2017,36505.67722,1.86581,3.776
Slovenia 2018,38915.64196,1.94221,3.6524
Slovenia 2019,41193.84204,2.01191,3.5288
Slovakia 1999,10714.17713,0.64556,24.5914
Slovakia 2017,30093.35141,0.88267,25.684
Slovakia 2018,31557.5327,0.83252,25.9352
Slovakia 2019,32544.96091,0.78895,26.1864
Sint Maarten (Dutch part) 1999,,,
Sint Maarten (Dutch part) 2017,37914.12297,,
Sint Maarten (Dutch part) 2018,36203.04099,,
Sint Maarten (Dutch part) 2019,,,
Singapore 1999,40007.50679,1.81624,7.481
Singapore 2017,94940.97079,1.94431,3.53
Singapore 2018,100126.0236,,3.5134
Singapore 2019,101649.0749,2.0801,3.4968
Sierra Leone 1999,652.9793022,,162.6498
Sierra Leone 2017,1642.606593,,112.828
Sierra Leone 2018,1703.810228,,110.2282
Sierra Leone 2019,1794.314803,,107.6284
Seychelles 1999,13874.4235,,57.9054
Seychelles 2017,27242.65603,,62.05
Seychelles 2018,28678.77243,,61.2244
Seychelles 2019,30516.67726,0.22162,60.3988
Serbia 1999,5532.043774,0.99719,27.86
Serbia 2017,16611.01915,0.87353,14.706
Serbia 2018,17735.98592,0.92132,14.1444
Serbia 2019,18929.90742,0.83951,13.5828
Senegal 1999,1828.611772,,105.9606
Senegal 2017,3203.900758,,72.725
Senegal 2018,3395.533931,,70.716
Senegal 2019,3545.10034,,68.707
Saudi Arabia 1999,37791.23403,,30.3512
Saudi Arabia 2017,47309.13223,,7.324
Saudi Arabia 2018,48756.19295,,7.097
Saudi Arabia 2019,49040.34295,,6.87
Sao Tome and Principe 1999,,,113.9224
Sao Tome and Principe 2017,3952.888147,,94.61
Sao Tome and Principe 2018,4090.632657,,93.3376
Sao Tome and Principe 2019,4145.227038,,92.0652
San Marino 1999,50814.4323,,
San Marino 2017,58867.01336,,
San Marino 2018,60886.48586,,
San Marino 2019,,,
Samoa 1999,3205.72405,,41.8544
Samoa 2017,6486.086856,,23.886
Samoa 2018,6474.2538,,23.2952
Samoa 2019,6795.684073,,22.7044
Rwanda 1999,602.767045,,50.2082
Rwanda 2017,1975.252453,,39.114
Rwanda 2018,2139.636413,,38.852
Rwanda 2019,2325.407917,0.66627,38.59
Russian Federation 1999,5914.326062,0.99623,32.0758
Russian Federation 2017,26005.97994,1.10656,20.699
Russian Federation 2018,28763.51663,0.98988,19.6196
Russian Federation 2019,29181.36322,1.09728,18.5402
Romania 1999,5596.470889,0.39832,38.379
Romania 2017,27143.8493,0.5039,36.211
Romania 2018,29250.95126,0.5051,35.535
Romania 2019,32358.33486,0.48033,34.859
Qatar 1999,,,21.2436
Qatar 2017,91738.8538,,9.922
Qatar 2018,93186.26081,0.50729,9.5896
Qatar 2019,94028.59768,,9.2572
Puerto Rico 1999,21807.87374,,69.6064
Puerto Rico 2017,34363.74599,,29.098
Puerto Rico 2018,34947.17274,,28.3068
Puerto Rico 2019,36045.1049,,27.5156
Pre-demographic dividend 1999,1852.522488,,138.6510881
Pre-demographic dividend 2017,3508.366459,,108.9288085
Pre-demographic dividend 2018,3575.732752,,107.1249235
Pre-demographic dividend 2019,3657.542454,,105.3134927
Post-demographic dividend 1999,25264.2861,2.273844078,24.33930642
Post-demographic dividend 2017,47438.15021,2.585985349,12.64909772
Post-demographic dividend 2018,49451.1314,2.639212245,12.05950361
Post-demographic dividend 2019,51004.70862,2.549758657,11.46889411
Portugal 1999,17718.15157,0.681,20.3298
Portugal 2017,33044.71674,1.32833,8.38
Portugal 2018,34931.7846,1.36552,8.0012
Portugal 2019,36760.12281,1.28081,7.6224
Poland 1999,10040.89838,0.6818,17.6164
Poland 2017,30064.50348,1.03445,10.538
Poland 2018,31978.53115,1.21228,10.1692
Poland 2019,34151.79281,0.9641,9.8004
Philippines 1999,3292.517024,,50.986
Philippines 2017,8120.842309,,54.154
Philippines 2018,8723.546609,,54.7592
Philippines 2019,9302.385298,,55.3644
Peru 1999,4873.864819,0.09849,72.9262
Peru 2017,12506.53017,0.12101,56.882
Peru 2018,13093.75526,0.12704,55.9518
Peru 2019,13416.43663,0.12007,55.0216
Paraguay 1999,6799.148437,,88.0398
Paraguay 2017,12594.34143,0.14883,70.504
Paraguay 2018,13163.50253,,70.1824
Paraguay 2019,13246.46176,0.11688,69.8608
Papua New Guinea 1999,2136.043338,,68.9642
Papua New Guinea 2017,4288.967647,,52.655
Papua New Guinea 2018,4295.509078,,51.982
Papua New Guinea 2019,4547.563765,0.03158,51.309
Panama 1999,8126.988818,0.27205,92.2566
Panama 2017,30454.76381,0.14699,81.828
Panama 2018,31805.5379,,81.0386
Panama 2019,32850.81935,0.14481,80.2492
Palau 1999,,,
Palau 2017,17841.26476,,
Palau 2018,18912.53477,,
Palau 2019,18357.39537,,
Pakistan 1999,2529.009357,0.1159,59.0298
Pakistan 2017,4571.414491,0.23597,38.802
Pakistan 2018,4855.229666,,38.2106
Pakistan 2019,4898.05057,,37.6192
Pacific island small states 1999,3868.803877,,49.47733557
Pacific island small states 2017,7291.122269,,50.41950061
Pacific island small states 2018,7592.241132,,50.5431962
Pacific island small states 2019,7644.543026,,50.59295996
Other small states 1999,,,79.54216645
Other small states 2017,22680.67295,,61.55142208
Other small states 2018,23259.68307,0.706519755,60.44898821
Other small states 2019,23754.38924,,59.32157303
Oman 1999,33197.23818,,34.4994
Oman 2017,29082.42362,0.2276,13.056
Oman 2018,29289.60764,0.21961,12.6964
Oman 2019,28507.47622,0.25853,12.3368
OECD members 1999,23216.74088,2.218322013,35.74734508
OECD members 2017,43364.71165,2.508361382,22.72825591
OECD members 2018,45048.09208,2.578506822,22.09939498
OECD members 2019,46331.57805,2.459520348,21.43297998
Not classified 1999,,,
Not classified 2017,,,
Not classified 2018,,,
Not classified 2019,,,
Norway 1999,30555.04906,1.60533,11.6816
Norway 2017,64050.75617,2.09343,5.141
Norway 2018,69258.55014,2.06985,5.1048
Norway 2019,67978.72253,2.03074,5.0686
Northern Mariana Islands 1999,,,
Northern Mariana Islands 2017,,,
Northern Mariana Islands 2018,,,
Northern Mariana Islands 2019,,,
North Macedonia 1999,5703.945416,0.32809,30.3534
North Macedonia 2017,15649.92159,0.35525,15.723
North Macedonia 2018,16671.67332,0.36398,15.162
North Macedonia 2019,17583.43716,0.43585,14.601
North America 1999,33851.60597,2.497581011,45.04430482
North America 2017,58880.08664,2.728112273,18.85539231
North America 2018,61683.6686,2.73899024,17.64178323
North America 2019,63781.77428,2.683595915,16.42474169
Nigeria 1999,2202.409804,,134.0944
Nigeria 2017,5190.354386,,107.33
Nigeria 2018,5280.65226,,105.447
Nigeria 2019,5362.758417,,103.564
Niger 1999,797.65834,,217.9646
Niger 2017,1163.683259,,186.538
Niger 2018,1230.221762,,183.5134
Niger 2019,1278.698158,,180.4888
Nicaragua 1999,2656.142686,,121.6182
Nicaragua 2017,6004.017296,,84.99
Nicaragua 2018,5833.652948,,83.3048
Nicaragua 2019,5646.399468,,81.6196
New Zealand 1999,20579.36592,0.96387,28.6056
New Zealand 2017,41971.73398,1.3657,19.27
New Zealand 2018,43039.71993,,18.6046
New Zealand 2019,43810.87107,,17.9392
New Caledonia 1999,,,28.8042
New Caledonia 2017,,,14.83
New Caledonia 2018,,,14.4552
New Caledonia 2019,,,14.0804
Netherlands 1999,29268.5361,1.82282,6.5576
Netherlands 2017,55088.6338,1.98308,3.788
Netherlands 2018,57901.09701,2.16374,3.7028
Netherlands 2019,59469.08369,1.99685,3.6176
Nepal 1999,1111.289064,,116.9996
Nepal 2017,3099.306082,,65.121
Nepal 2018,3331.980217,,64.399
Nepal 2019,3567.992939,,63.677
Nauru 1999,,,
Nauru 2017,10666.93861,,
Nauru 2018,11750.01169,,
Nauru 2019,12095.29702,,
Namibia 1999,4930.961972,,86.3164
Namibia 2017,10050.50128,,63.627
Namibia 2018,10173.91596,,61.632
Namibia 2019,10063.64996,,59.637
Myanmar 1999,800.94008,0.04406,38.273
Myanmar 2017,4739.910118,0.03186,28.509
Myanmar 2018,5151.691817,,28.2066
Myanmar 2019,5369.707495,,27.9042
Mozambique 1999,474.9364872,,184.0858
Mozambique 2017,1283.65987,,148.626
Mozambique 2018,1321.156045,,146.2508
Mozambique 2019,1338.096666,,143.8756
Morocco 1999,3477.877863,,35.2894
Morocco 2017,7314.154487,,31.034
Morocco 2018,7613.142868,,30.681
Morocco 2019,7826.167677,,30.328
Montenegro 1999,,,19.701
Montenegro 2017,19682.26446,0.34898,9.313
Montenegro 2018,21547.25877,0.36763,8.781
Montenegro 2019,23343.98824,0.32454,8.249
Mongolia 1999,3638.539525,0.15016,27.4784
Mongolia 2017,11311.79382,0.13475,30.993
Mongolia 2018,12205.84304,0.10293,31.4384
Mongolia 2019,12861.83656,0.18337,31.8838
Monaco 1999,,,
Monaco 2017,,,
Monaco 2018,,,
Monaco 2019,,,
Republic of Moldova 1999,2948.042426,,47.2252
Republic of Moldova 2017,11651.31745,0.25374,22.415
Republic of Moldova 2018,12664.31333,0.25498,22.1802
Republic of Moldova 2019,13598.26124,0.2769,21.9454
Middle income 1999,3715.231226,,56.96353342
Middle income 2017,10900.7081,1.385768133,38.8213216
Middle income 2018,11583.75668,1.568908777,38.35982675
Middle income 2019,12097.88766,1.403184055,37.86629204
Middle East & North Africa (IDA & IBRD countries) 1999,6979.257336,,45.20943017
Middle East & North Africa (IDA & IBRD countries) 2017,10985.80756,0.602768151,43.75457615
Middle East & North Africa (IDA & IBRD countries) 2018,11109.1352,,43.4972006
Middle East & North Africa (IDA & IBRD countries) 2019,11179.25758,,43.17703668
Middle East & North Africa (excluding high income) 1999,6937.840019,,45.59352962
Middle East & North Africa (excluding high income) 2017,10932.11486,0.602768151,43.89061607
Middle East & North Africa (excluding high income) 2018,11054.39386,,43.62367486
Middle East & North Africa (excluding high income) 2019,11123.53261,,43.29480714
Middle East & North Africa 1999,10771.92174,,43.93950223
Middle East & North Africa 2017,16580.764,,39.970678
Middle East & North Africa 2018,16887.7097,,39.70445966
Middle East & North Africa 2019,17036.65298,,39.39315481
"Micronesia, Fed. Sts. 1999",2314.526959,,40.5984
"Micronesia, Fed. Sts. 2017",3492.908562,,13.924
"Micronesia, Fed. Sts. 2018",3547.975116,,13.2274
"Micronesia, Fed. Sts. 2019",,,12.5308
Mexico 1999,10448.8234,0.3441,80.244
Mexico 2017,19721.26129,0.32829,60.365
Mexico 2018,20257.82513,0.31223,59.4542
Mexico 2019,20447.88507,0.38801,58.5434
Mauritius 1999,8241.220605,0.31008,36.3662
Mauritius 2017,21415.11611,0.36636,25.735
Mauritius 2018,22749.12878,0.34597,25.2786
Mauritius 2019,23882.35427,,24.8222
Mauritania 1999,3178.818442,,97.7528
Mauritania 2017,5077.195472,,71.049
Mauritania 2018,5165.256707,0.01419,69.628
Mauritania 2019,5427.058242,,68.207
Marshall Islands 1999,2405.38236,,
Marshall Islands 2017,3775.524973,,
Marshall Islands 2018,3983.327675,,
Marshall Islands 2019,,,
Malta 1999,16937.70313,,19.2136
Malta 2017,42404.33275,0.58275,12.879
Malta 2018,44141.30553,0.57462,12.4966
Malta 2019,46071.33315,0.56749,12.1142
Mali 1999,1142.074856,,189.0728
Mali 2017,2246.801669,0.29175,169.127
Mali 2018,2339.341417,,166.8668
Mali 2019,2424.330872,,164.6066
Maldives 1999,8140.068937,,35.5242
Maldives 2017,18058.43555,,7.81
Maldives 2018,19253.68849,,7.4138
Maldives 2019,20395.49424,,7.0176
Malaysia 1999,11875.80867,,14.0614
Malaysia 2017,26661.1877,,13.414
Malaysia 2018,28228.95945,,13.4668
Malaysia 2019,29619.68727,1.43665,13.5196
Malawi 1999,673.2994728,,158.828
Malawi 2017,1037.545868,,132.671
Malawi 2018,1067.92233,,132.0948
Malawi 2019,1106.618935,,131.5186
Madagascar 1999,1251.884217,0.096,152.8606
Madagascar 2017,1584.422678,0.01465,109.59
Madagascar 2018,1652.399771,,107.7374
Madagascar 2019,1719.906013,0.01504,105.8848
"China, Macao SAR 1999",32858.02908,,5.5556
"China, Macao SAR 2017",126918.2265,0.1715,2.381
"China, Macao SAR 2018",135121.4393,0.20351,2.3036
"China, Macao SAR 2019",129451.0639,0.23361,2.2262
Luxembourg 1999,50627.92776,,10.7758
Luxembourg 2017,112308.1738,1.30327,4.727
Luxembourg 2018,116644.8481,1.23562,4.6038
Luxembourg 2019,120962.1878,1.29524,4.4806
Lower middle income 1999,2312.373818,,75.57144451
Lower middle income 2017,6134.146898,0.58411146,43.03374436
Lower middle income 2018,6527.655847,,42.353715
Lower middle income 2019,6829.833611,,41.65540734
Low income 1999,1103.747118,,124.9796763
Low income 2017,2321.82379,,95.40043082
Low income 2018,2409.800047,,93.90342224
Low income 2019,2497.13908,,92.37141064
Low & middle income 1999,3503.686578,,62.96556782
Low & middle income 2017,10022.33737,1.380278328,46.35569368
Low & middle income 2018,10632.60406,1.568115312,45.90831966
Low & middle income 2019,11088.04544,1.401328127,45.42009952
Lithuania 1999,7820.717972,0.502,27.4936
Lithuania 2017,33761.87124,0.89808,10.854
Lithuania 2018,36346.39753,0.94496,10.2026
Lithuania 2019,38756.11035,0.84329,9.5512
Liechtenstein 1999,,,
Liechtenstein 2017,,,
Liechtenstein 2018,,,
Liechtenstein 2019,,,
Libya 1999,17287.19311,,7.5228
Libya 2017,13237.99853,,5.769
Libya 2018,15383.82758,,5.7148
Libya 2019,15845.65993,,5.6606
Liberia 1999,,,149.9362
Liberia 2017,1515.64325,,135.962
Liberia 2018,1533.471534,,135.5662
Liberia 2019,1491.003696,,135.1704
Lesotho 1999,1191.702894,,86.4808
Lesotho 2017,2783.115664,,92.726
Lesotho 2018,2815.498324,,92.578
Lesotho 2019,2824.092478,,92.43
Lebanon 1999,8859.466808,,26.9496
Lebanon 2017,16005.25704,,14.5
Lebanon 2018,15992.32109,,14.2238
Lebanon 2019,15195.52968,,13.9476
Least developed countries: UN classification 1999,1133.958047,,122.1370022
Least developed countries: UN classification 2017,2847.149966,,93.99906341
Least developed countries: UN classification 2018,2992.225239,,92.7499517
Least developed countries: UN classification 2019,3129.562318,,91.49109367
Latvia 1999,7397.610508,0.35186,20.0676
Latvia 2017,28650.00776,0.51012,16.171
Latvia 2018,30799.42842,0.63068,15.8014
Latvia 2019,32047.34569,0.44094,15.4318
Latin America & the Caribbean (IDA & IBRD countries) 1999,8353.808685,,84.09246125
Latin America & the Caribbean (IDA & IBRD countries) 2017,16032.35311,0.718682062,63.3542202
Latin America & the Caribbean (IDA & IBRD countries) 2018,16489.37014,,62.40112084
Latin America & the Caribbean (IDA & IBRD countries) 2019,16839.74357,0.728005177,61.46789356
Latin America & Caribbean (excluding high income) 1999,8233.939959,,84.40063069
Latin America & Caribbean (excluding high income) 2017,15529.88628,0.747697398,63.71175808
Latin America & Caribbean (excluding high income) 2018,15981.76382,,62.76277995
Latin America & Caribbean (excluding high income) 2019,16290.01637,0.756530678,61.83407076
Latin America & Caribbean 1999,8416.487948,,83.5484446
Latin America & Caribbean 2017,16091.39012,0.713237607,63.03000112
Latin America & Caribbean 2018,16545.51567,,62.09816022
Latin America & Caribbean 2019,16900.79213,0.720283065,61.17733002
Late-demographic dividend 1999,4387.759057,,26.78987688
Late-demographic dividend 2017,16020.06027,1.727944316,21.02941944
Late-demographic dividend 2018,17246.93764,1.851544035,20.69210255
Late-demographic dividend 2019,18252.44703,1.694805832,20.31974862
Lao PDR 1999,1722.281188,,84.898
Lao PDR 2017,7257.807932,,65.41
Lao PDR 2018,7777.781032,,64.939
Lao PDR 2019,8172.726088,,64.468
Kyrgyz Republic 1999,1749.59438,0.17992,51.258
Kyrgyz Republic 2017,5046.691535,0.10707,32.763
Kyrgyz Republic 2018,5258.195592,,32.4414
Kyrgyz Republic 2019,5486.15509,0.11121,32.1198
Kuwait 1999,55001.06186,0.19764,23.6488
Kuwait 2017,50855.49996,0.08118,8.194
Kuwait 2018,51708.25361,0.06192,7.8858
Kuwait 2019,52059.72331,0.07985,7.5776
Kosovo 1999,,,
Kosovo 2017,10530.48166,,
Kosovo 2018,11160.69533,,
Kosovo 2019,11906.43231,,
"Korea, Rep. 1999",16807.12948,,2.6316
"Korea, Rep. 2017",40957.41806,,1.379
"Korea, Rep. 2018",42487.04195,,1.3204
"Korea, Rep. 2019",42727.95076,,1.2618
"Korea, Dem. People's Rep. 1999",,,1.1316
"Korea, Dem. People's Rep. 2017",,,0.283
"Korea, Dem. People's Rep. 2018",,,0.286
"Korea, Dem. People's Rep. 2019",,,0.289
Kiribati 1999,1482.397588,,38.3368
Kiribati 2017,2237.336409,,16.177
Kiribati 2018,2310.664853,,15.4046
Kiribati 2019,2372.451355,,14.6322
Kenya 1999,1616.519885,,108.5764
Kenya 2017,4046.208425,,75.078
Kenya 2018,4306.206985,,74.044
Kenya 2019,4521.479151,,73.01
Kazakhstan 1999,6868.859431,0.18383,36.9036
Kazakhstan 2017,24862.96612,0.12972,29.75
Kazakhstan 2018,26166.60548,0.12286,29.364
Kazakhstan 2019,27517.93845,0.14179,28.978
Jordan 1999,5671.320566,,38.4178
Jordan 2017,10010.39496,,25.877
Jordan 2018,10266.917,,25.8414
Jordan 2019,10517.06703,0.7078,25.8058
Japan 1999,25325.70726,2.89283,4.8754
Japan 2017,40966.59322,3.21254,3.78
Japan 2018,41695.63794,3.26451,3.6644
Japan 2019,42338.02694,3.15522,3.5488
Jamaica 1999,6214.271393,,89.8484
Jamaica 2017,9598.370957,,52.757
Jamaica 2018,9975.199073,,51.3186
Jamaica 2019,10193.46952,,49.8802
Italy 1999,25602.38947,0.98337,6.6876
Italy 2017,41581.12079,1.37744,5.24
Italy 2018,43111.36655,1.39909,5.11
Italy 2019,44395.1071,1.37124,4.98
Israel 1999,22584.93853,3.33293,17.0126
Israel 2017,38898.44359,4.81602,9.607
Israel 2018,40357.50742,4.95278,9.192
Israel 2019,41947.59009,4.50574,8.777
Isle of Man 1999,,,
Isle of Man 2017,,,
Isle of Man 2018,,,
Isle of Man 2019,,,
Ireland 1999,26995.26141,1.15338,18.4312
Ireland 2017,77803.04283,,7.515
Ireland 2018,84145.05693,1.14647,7.0566
Ireland 2019,87217.3494,1.16892,6.5982
Iraq 1999,9519.043523,,64.1528
Iraq 2017,10971.97001,0.04455,71.733
Iraq 2018,10919.77262,0.04306,71.7416
Iraq 2019,11362.69148,0.03658,71.7502
"Iran, Islamic Rep. 1999",9646.541267,,39.6884
"Iran, Islamic Rep. 2017",14535.86223,0.83027,40.635
"Iran, Islamic Rep. 2018",13800.02347,,40.6932
"Iran, Islamic Rep. 2019",12937.47598,,40.7514
Indonesia 1999,4484.069232,,49.5168
Indonesia 2017,10935.84175,0.2381,47.374
Indonesia 2018,11648.54267,0.22634,46.9052
Indonesia 2019,12334.91727,0.24535,46.4364
India 1999,2009.215647,0.72413,70.176
India 2017,6185.993893,0.66584,13.177
India 2018,6655.06986,0.64998,12.0708
India 2019,6996.556927,0.67111,10.9646
IDA total 1999,1605.053829,,109.6392682
IDA total 2017,3674.979477,,84.601254
IDA total 2018,3859.15499,,83.59213015
IDA total 2019,3995.889922,,82.53263379
IDA only 1999,1244.95691,,117.0976233
IDA only 2017,3118.340979,,90.69002956
IDA only 2018,3297.089585,,89.55132564
IDA only 2019,3462.725355,,88.37537322
IDA blend 1999,2304.150045,,94.55573986
IDA blend 2017,4786.718887,,72.02803873
IDA blend 2018,4987.538791,,71.27620279
IDA blend 2019,5080.115486,,70.46296497
IDA & IBRD total 1999,3607.247361,,62.76852281
IDA & IBRD total 2017,10294.30413,1.352569494,46.36093608
IDA & IBRD total 2018,10915.70035,1.545738182,45.91512742
IDA & IBRD total 2019,11391.24961,1.37133123,45.42607038
Iceland 1999,29523.1903,2.23767,21.0114
Iceland 2017,55098.24908,2.10444,6.269
Iceland 2018,57141.92532,2.02994,5.9066
Iceland 2019,58512.65334,2.11766,5.5442
IBRD only 1999,4148.560547,0.588370638,48.01983067
IBRD only 2017,12543.97202,1.377962562,28.23829852
IBRD only 2018,13347.07297,1.55004047,27.67053834
IBRD only 2019,13976.26538,1.381200695,27.08153627
Hungary 1999,10873.24786,0.67053,23.7618
Hungary 2017,29465.12624,1.3486,23.979
Hungary 2018,31829.54915,1.55484,24.2756
Hungary 2019,33949.63456,1.20423,24.5722
"Hong Kong SAR, China 1999",25895.55188,,4.6864
"Hong Kong SAR, China 2017",59849.24818,,2.705
"Hong Kong SAR, China 2018",62551.05859,,2.6462
"Hong Kong SAR, China 2019",62495.95994,,2.5874
Honduras 1999,2427.916464,,118.5712
Honduras 2017,5561.996312,0.04,72.912
Honduras 2018,5810.429508,,71.8464
Honduras 2019,5981.450892,,70.7808
High income 1999,25846.38066,2.256454206,24.31796309
High income 2017,48313.87584,2.554818454,12.87847888
High income 2018,50334.11473,2.590132204,12.32328294
High income 2019,51920.85487,2.496019688,11.76551829
Heavily indebted poor countries (HIPC) 1999,1173.101846,,133.7941743
Heavily indebted poor countries (HIPC) 2017,2478.823927,,101.6108324
Heavily indebted poor countries (HIPC) 2018,2574.386992,,99.91128082
Heavily indebted poor countries (HIPC) 2019,2663.068098,,98.21174091
Haiti 1999,2067.392048,,69.457
Haiti 2017,2980.960856,,51.676
Haiti 2018,3065.205078,,50.9536
Haiti 2019,3034.01211,,50.2312
Guyana 1999,5934.543267,,95.6794
Guyana 2017,12005.35865,,74.382
Guyana 2018,12781.57994,,72.8682
Guyana 2019,13661.28025,,71.3544
Guinea-Bissau 1999,1015.491637,,131.608
Guinea-Bissau 2017,1925.237737,,104.823
Guinea-Bissau 2018,1996.659573,,103.2252
Guinea-Bissau 2019,2077.401669,,101.6274
Guinea 1999,1195.303503,,170.7344
Guinea 2017,2417.799187,,135.294
Guinea 2018,2556.773681,,133.365
Guinea 2019,2675.461571,,131.436
Guatemala 1999,4683.991908,,113.959
Guatemala 2017,8317.364101,0.028,70.93
Guatemala 2018,8654.268548,,69.756
Guatemala 2019,9019.693804,0.02224,68.582
Guam 1999,,,64.8534
Guam 2017,,,31.713
Guam 2018,,,30.6066
Guam 2019,,,29.5002
Grenada 1999,7154.032349,,57.3408
Grenada 2017,16217.49985,,29.177
Grenada 2018,17210.47906,,28.1938
Grenada 2019,17792.90864,,27.2106
Greenland 1999,,,
Greenland 2017,,,
Greenland 2018,,,
Greenland 2019,,,
Greece 1999,18464.73208,0.56823,11.2544
Greece 2017,29140.76353,1.13109,7.223
Greece 2018,30504.40362,1.17732,6.9376
Greece 2019,31562.59377,0.99394,6.6522
Gibraltar 1999,,,
Gibraltar 2017,,,
Gibraltar 2018,,,
Gibraltar 2019,,,
Ghana 1999,1712.409433,,86.2132
Ghana 2017,4996.638706,,66.611
Ghana 2018,5320.975634,,65.7842
Ghana 2019,5652.150608,,64.9574
Germany 1999,26291.21108,2.34165,12.8164
Germany 2017,52952.87502,3.03763,8.095
Germany 2018,54954.84675,3.09415,7.8568
Germany 2019,55891.20361,2.91712,7.6186
Georgia 1999,2924.391455,0.2877,55.6668
Georgia 2017,13589.70739,0.29104,46.408
Georgia 2018,14604.38444,0.30457,45.1848
Georgia 2019,15656.60395,0.30104,43.9616
"Gambia, The 1999",1830.711971,,126.8518
"Gambia, The 2017",2072.65245,,78.185
"Gambia, The 2018",2210.638673,0.0713,75.7058
"Gambia, The 2019",2321.237748,,73.2266
Gabon 1999,14147.01237,,142.9032
Gabon 2017,15006.76409,,96.227
Gabon 2018,15103.60903,,93.5644
Gabon 2019,15611.64862,,90.9018
French Polynesia 1999,,,48.0002
French Polynesia 2017,,,38.688
French Polynesia 2018,,,38.487
French Polynesia 2019,,,38.286
France 1999,24307.49879,2.10767,7.5022
France 2017,44612.82589,2.20557,4.727
France 2018,46663.60855,2.20002,4.7362
France 2019,49519.29673,2.22238,4.7454
Fragile and conflict affected situations 1999,2665.822995,,114.7143717
Fragile and conflict affected situations 2017,4768.591811,,94.84041996
Fragile and conflict affected situations 2018,4893.471932,,93.50859607
Fragile and conflict affected situations 2019,4982.458801,,92.1301991
Finland 1999,24767.28067,3.05603,9.9148
Finland 2017,47492.77728,2.7569,5.813
Finland 2018,49748.32655,2.77381,5.6588
Finland 2019,51619.82957,2.74264,5.5046
Fiji 1999,5841.722728,,43.737
Fiji 2017,13429.31592,,49.353
Fiji 2018,14183.5639,,49.1406
Fiji 2019,14289.9605,,48.9282
Faroe Islands 1999,,,
Faroe Islands 2017,,,
Faroe Islands 2018,,,
Faroe Islands 2019,,,
European Union 1999,20746.16705,1.783687869,14.36837306
European Union 2017,42662.95565,2.167273453,9.144038817
European Union 2018,44637.55854,2.184302713,8.929182034
European Union 2019,46442.77617,2.10537359,8.736564255
Europe & Central Asia (IDA & IBRD countries) 1999,5975.945914,0.680451799,35.84803233
Europe & Central Asia (IDA & IBRD countries) 2017,21894.80432,0.906727672,25.22058987
Europe & Central Asia (IDA & IBRD countries) 2018,23386.20795,0.866869077,24.57230088
Europe & Central Asia (IDA & IBRD countries) 2019,24008.59183,0.88049801,23.9107241
Europe & Central Asia (excluding high income) 1999,5525.282962,0.691451185,37.79433568
Europe & Central Asia (excluding high income) 2017,20798.67297,0.913392779,26.05088229
Europe & Central Asia (excluding high income) 2018,22224.71761,0.814693516,25.34479921
Europe & Central Asia (excluding high income) 2019,22573.80419,0.893994152,24.63198672
Europe & Central Asia 1999,14786.24949,1.700295662,26.65839935
Europe & Central Asia 2017,33982.2197,1.969410937,17.08869242
Europe & Central Asia 2018,35684.48294,1.977320932,16.62545942
Europe & Central Asia 2019,36790.00554,1.88260565,16.18040958
Euro area 1999,23840.96423,1.765262106,10.73600589
Euro area 2017,45598.94031,2.195372963,6.67313915
Euro area 2018,47551.78994,2.210137662,6.502512848
Euro area 2019,49207.8347,2.127680079,6.337976458
Ethiopia 1999,458.3055581,,112.9412
Ethiopia 2017,2021.561046,0.27441,66.727
Ethiopia 2018,2154.754605,,65.0748
Ethiopia 2019,2319.707378,,63.4226
Eswatini 1999,4590.529927,,110.611
Eswatini 2017,8408.454272,,76.695
Eswatini 2018,8728.79178,,75.3554
Eswatini 2019,9003.364231,,74.0158
Estonia 1999,8419.571977,0.68063,27.6284
Estonia 2017,33856.18111,1.28867,7.698
Estonia 2018,36326.79823,1.42515,7.0988
Estonia 2019,38819.33903,1.2468,6.4996
Eritrea 1999,1581.613248,,91.7
Eritrea 2017,,,52.553
Eritrea 2018,,,50.7028
Eritrea 2019,,,48.8526
Equatorial Guinea 1999,7429.741411,,185.1598
Equatorial Guinea 2017,22551.08325,,155.622
Equatorial Guinea 2018,20855.81136,,153.4524
Equatorial Guinea 2019,19379.24247,,151.2828
El Salvador 1999,4333.664202,,92.562
El Salvador 2017,8454.058198,0.18115,69.459
El Salvador 2018,8825.451749,,68.6136
El Salvador 2019,9164.346123,0.14515,67.7682
Egypt 1999,5431.88583,0.18651,57.2852
Egypt 2017,11014.48614,0.67941,53.819
Egypt 2018,11643.2205,0.72388,53.086
Egypt 2019,12283.80737,0.70848,52.353
Ecuador 1999,5758.073129,,84.2292
Ecuador 2017,11617.90876,,79.261
Ecuador 2018,11843.39364,,78.7626
Ecuador 2019,11878.71836,,78.2642
East Asia & Pacific (IDA & IBRD countries) 1999,3065.268309,0.697139175,22.7222721
East Asia & Pacific (IDA & IBRD countries) 2017,13123.15179,1.932979622,22.4528779
East Asia & Pacific (IDA & IBRD countries) 2018,14208.06884,2.047259776,22.46367632
East Asia & Pacific (IDA & IBRD countries) 2019,15212.80184,1.919352076,22.44537712
East Asia & Pacific (excluding high income) 1999,3032.187844,0.697139175,22.46377924
East Asia & Pacific (excluding high income) 2017,12986.32223,1.932979622,22.14120926
East Asia & Pacific (excluding high income) 2018,14060.24819,2.047259776,22.14997388
East Asia & Pacific (excluding high income) 2019,15054.77888,1.919352076,22.13178368
East Asia & Pacific 1999,5333.109459,2.331024863,21.0185421
East Asia & Pacific 2017,16336.04898,2.362591878,20.66897151
East Asia & Pacific 2018,17429.94956,2.511537486,20.69003603
East Asia & Pacific 2019,18400.41312,2.376852672,20.68645202
Early-demographic dividend 1999,3939.663427,,68.61010556
Early-demographic dividend 2017,8982.363607,0.716435543,36.97167997
Early-demographic dividend 2018,9409.499965,,36.17117729
Early-demographic dividend 2019,9693.772411,0.738266282,35.3626728
Dominican Republic 1999,6414.743194,,108.5296
Dominican Republic 2017,16735.33259,,94.26
Dominican Republic 2018,18143.22448,,93.0342
Dominican Republic 2019,19227.7156,,91.8084
Dominica 1999,6211.568504,,
Dominica 2017,11304.35971,,
Dominica 2018,11818.22608,,
Dominica 2019,12444.44114,,
Djibouti 1999,,,34.189
Djibouti 2017,4885.220563,,18.841
Djibouti 2018,5341.103794,,18.4434
Djibouti 2019,5779.675765,,18.0458
Denmark 1999,26653.8239,2.12764,7.4514
Denmark 2017,55356.68078,3.046,4.123
Denmark 2018,57462.77601,3.06408,4.169
Denmark 2019,60334.80863,3.10401,4.215
Czech Republic 1999,15396.31178,1.05452,14.4824
Czech Republic 2017,38824.88792,1.79079,11.972
Czech Republic 2018,41127.25405,1.92829,11.9314
Czech Republic 2019,43004.52847,1.68015,11.8908
Cyprus 1999,19662.69258,0.21806,10.7228
Cyprus 2017,37766.90166,0.56092,4.582
Cyprus 2018,39737.32519,0.55859,4.4586
Cyprus 2019,41254.40459,0.53442,4.3352
Curacao 1999,,,42.0808
Curacao 2017,25475.48966,,27.942
Curacao 2018,25665.23295,,27.6142
Curacao 2019,25578.27924,,27.2864
Cuba 1999,,0.45832,54.8268
Cuba 2017,,0.43066,51.592
Cuba 2018,,,51.5156
Cuba 2019,,0.34223,51.4392
Croatia 1999,9867.613424,0.8404,17.554
Croatia 2017,26800.08159,0.8645,8.681
Croatia 2018,28554.38351,0.97489,8.2652
Croatia 2019,30246.0493,0.8627,7.8494
Cote d'Ivoire 1999,2348.930354,,137.95
Cote d'Ivoire 2017,4830.751701,,117.627
Cote d'Ivoire 2018,5156.093849,,116.1584
Cote d'Ivoire 2019,5443.224839,0.0956,114.6898
Costa Rica 1999,7528.773961,0.36913,77.6788
Costa Rica 2017,19663.09377,0.42336,53.46
Costa Rica 2018,20394.22609,,52.5186
Costa Rica 2019,21059.91753,0.42926,51.5772
"Congo, Rep. 1999",3462.02949,,122.3904
"Congo, Rep. 2017",4274.296414,,112.229
"Congo, Rep. 2018",4002.113076,,110.9356
"Congo, Rep. 2019",3835.662582,,109.6422
"Congo, Dem. Rep. 1999",481.9072515,,125.0004
"Congo, Dem. Rep. 2017",1059.810775,,124.22
"Congo, Dem. Rep. 2018",1112.346092,,122.6056
"Congo, Dem. Rep. 2019",1146.535867,,120.9912
Comoros 1999,1630.51245,,96.2426
Comoros 2017,3032.254682,,65.351
Comoros 2018,3141.546075,,64.0606
Comoros 2019,3194.900748,,62.7702
Colombia 1999,6460.906827,,98.7616
Colombia 2017,14171.3205,0.24294,66.651
Colombia 2018,14837.90092,0.23699,65.482
Colombia 2019,15630.07521,0.26694,64.313
China 1999,2653.973626,0.74963,10.492
China 2017,14344.42124,2.14512,7.635
China 2018,15614.30528,2.18568,7.643
China 2019,16804.42578,2.11831,7.651
Chile 1999,8977.117434,,62.0298
Chile 2017,24471.60562,0.35518,41.052
Chile 2018,24797.56665,,40.1384
Chile 2019,26247.38164,0.36949,39.2248
Channel Islands 1999,,,14.302
Channel Islands 2017,,,6.864
Channel Islands 2018,,,6.6386
Channel Islands 2019,,,6.4132
Chad 1999,783.8301471,,213.751
Chad 2017,1587.03106,,161.09
Chad 2018,1614.717823,,157.9144
Chad 2019,1649.529172,0.3005,154.7388
Central Europe and the Baltics 1999,9393.398579,0.738578269,24.59247322
Central Europe and the Baltics 2017,29880.01048,1.090588603,19.67904839
Central Europe and the Baltics 2018,31908.22384,1.206176688,19.43632624
Central Europe and the Baltics 2019,34113.57181,1.027252788,19.17968919
Central African Republic 1999,692.204671,,149.597
Central African Republic 2017,912.8020523,,129.074
Central African Republic 2018,955.840117,,126.9636
Central African Republic 2019,986.6808967,,124.8532
Cayman Islands 1999,,,
Cayman Islands 2017,69572.49685,,
Cayman Islands 2018,73292.28282,,
Cayman Islands 2019,,,
Caribbean small states 1999,9033.790123,,75.47548784
Caribbean small states 2017,15612.30244,,51.47587093
Caribbean small states 2018,16165.56583,,50.21541054
Caribbean small states 2019,16550.85909,,48.94134638
Canada 1999,27745.80655,1.75587,17.9282
Canada 2017,48327.61481,1.67165,8.387
Canada 2018,50075.34418,1.56625,8.0346
Canada 2019,50510.74762,1.73019,7.6822
Cameroon 1999,1882.777095,,157.1648
Cameroon 2017,3554.525156,,105.8
Cameroon 2018,3691.334293,,103.4938
Cameroon 2019,3803.45724,,101.1876
Cambodia 1999,977.9492345,,50.1818
Cambodia 2017,3928.373688,,50.177
Cambodia 2018,4260.658965,,50.7204
Cambodia 2019,4583.016451,,51.2638
Cabo Verde 1999,2642.86522,,97.841
Cabo Verde 2017,6643.20461,,73.759
Cabo Verde 2018,7031.358188,,72.6946
Cabo Verde 2019,7489.211503,,71.6302
Burundi 1999,529.2837024,,77.164
Burundi 2017,773.5718584,,55.59
Burundi 2018,780.0749372,0.21028,54.7516
Burundi 2019,784.9269887,,53.9132
Burkina Faso 1999,910.5799498,,140.405
Burkina Faso 2017,2044.381874,0.70072,104.329
Burkina Faso 2018,2171.973966,,102.0658
Burkina Faso 2019,2274.719736,,99.8026
Bulgaria 1999,5807.813965,0.54066,45.955
Bulgaria 2017,21387.27149,0.75239,39.86
Bulgaria 2018,22911.0809,0.76803,39.3266
Bulgaria 2019,24579.11927,0.78006,38.7932
Brunei Darussalam 1999,64533.30594,,27.9396
Brunei Darussalam 2017,60995.68111,,10.272
Brunei Darussalam 2018,61859.97791,0.27764,9.7116
Brunei Darussalam 2019,64847.65174,,9.1512
British Virgin Islands 1999,,,
British Virgin Islands 2017,,,
British Virgin Islands 2018,,,
British Virgin Islands 2019,,,
Brazil 1999,8611.90023,,82.894
Brazil 2017,14519.84913,1.26326,59.111
Brazil 2018,14951.811,,57.8858
Brazil 2019,15299.98726,1.26417,56.6606
Botswana 1999,8597.674883,,62.8938
Botswana 2017,17253.28063,,46.061
Botswana 2018,18063.76393,,45.358
Botswana 2019,18552.75326,,44.655
Bosnia and Herzegovina 1999,4226.684863,,22.6912
Bosnia and Herzegovina 2017,13753.87197,0.20048,9.642
Bosnia and Herzegovina 2018,14916.79791,0.1988,9.149
Bosnia and Herzegovina 2019,15817.15518,0.21594,8.656
Bolivia 1999,3344.228544,0.29836,86.9364
Bolivia 2017,8423.696806,,64.9
Bolivia 2018,8866.378834,,63.9042
Bolivia 2019,9110.55582,,62.9084
Bhutan 1999,2522.474162,,81.1628
Bhutan 2017,11142.39995,,20.184
Bhutan 2018,11624.92103,,18.895
Bhutan 2019,12355.79357,,17.606
Bermuda 1999,48734.2254,,
Bermuda 2017,81834.95587,,
Bermuda 2018,83404.2745,0.25998,
Bermuda 2019,85272.21347,,
Benin 1999,1675.2458,,119.9574
Benin 2017,3044.513887,,86.096
Benin 2018,3237.773682,,84.0364
Benin 2019,3432.7813,,81.9768
Belize 1999,4978.238346,,100.2308
Belize 2017,7108.8667,,68.487
Belize 2018,7291.734632,,68.049
Belize 2019,7314.631992,,67.611
Belgium 1999,25440.84119,1.89068,10.4862
Belgium 2017,50435.58344,2.70234,4.651
Belgium 2018,52668.17244,2.82119,4.5704
Belgium 2019,54628.09781,2.55595,4.4898
Belarus 1999,5344.658213,0.84523,29.529
Belarus 2017,18280.19892,0.58411,14.507
Belarus 2018,19345.28019,0.60817,13.7516
Belarus 2019,20101.11505,0.50063,12.9962
Barbados 1999,11944.81236,,51.4238
Barbados 2017,15788.82052,,33.55
Barbados 2018,16056.68927,,31.1302
Barbados 2019,16330.88768,,28.7104
Bangladesh 1999,1261.344658,,115.3722
Bangladesh 2017,4161.089713,,82.962
Bangladesh 2018,4549.617646,,82.3128
Bangladesh 2019,4964.091389,,81.6636
Bahrain 1999,40910.65311,,17.982
Bahrain 2017,47709.87381,,13.368
Bahrain 2018,47353.11838,,13.239
Bahrain 2019,47002.54934,,13.11
Bahamas 1999,26685.42725,,54.782
Bahamas 2017,36297.30702,,30.001
Bahamas 2018,37921.31116,,29.2254
Bahamas 2019,38742.54575,,28.4498
Azerbaijan 1999,3055.925307,0.39289,38.4484
Azerbaijan 2017,14121.40694,0.18468,55.838
Azerbaijan 2018,14555.79673,0.18484,56.4976
Azerbaijan 2019,15039.80932,0.20637,57.1572
Austria 1999,27606.48303,1.84537,14.2118
Austria 2017,54169.96399,3.05212,7.34
Austria 2018,57050.35135,3.17177,7.0444
Austria 2019,58649.66831,3.12588,6.7488
Australia 1999,25264.36436,,18.4394
Australia 2017,48482.64746,1.87372,11.715
Australia 2018,50252.84046,,11.3258
Australia 2019,52203.13229,,10.9366
Aruba 1999,29718.16982,,44.83
Aruba 2017,38442.41384,,22.674
Aruba 2018,,,21.1736
Aruba 2019,,,19.6732
Armenia 1999,2439.911173,0.214,42.8924
Armenia 2017,12115.05701,0.22788,21.49
Armenia 2018,13024.69481,0.18913,20.886
Armenia 2019,14257.96249,0.23305,20.282
Argentina 1999,11581.89051,0.45337,67.5038
Argentina 2017,23597.11775,0.54152,62.782
Argentina 2018,23313.81794,,62.5654
Argentina 2019,23040.28795,0.55815,62.3488
Arab World 1999,9523.457759,,55.28152078
Arab World 2017,14562.33196,,46.68885132
Arab World 2018,14985.31584,,46.00504911
Arab World 2019,15256.339,,45.24536689
Antigua and Barbuda 1999,15789.4352,,63.1112
Antigua and Barbuda 2017,19840.07612,,42.782
Antigua and Barbuda 2018,21630.17951,,41.831
Antigua and Barbuda 2019,22879.76609,,40.88
Angola 1999,3226.128549,,198.6328
Angola 2017,7310.901738,,150.526
Angola 2018,7102.405887,,147.958
Angola 2019,6965.511374,0.03229,145.39
Andorra 1999,,,
Andorra 2017,,,
Andorra 2018,,,
Andorra 2019,,,
American Samoa 1999,,,
American Samoa 2017,,,
American Samoa 2018,,,
American Samoa 2019,,,
Algeria 1999,8068.296135,,12.7934
Algeria 2017,11737.40935,0.54243,10.071
Algeria 2018,11925.79856,,9.8338
Algeria 2019,12019.92836,,9.5966
Albania 1999,3471.656359,,19.1348
Albania 2017,12770.97972,,19.642
Albania 2018,13546.47379,,19.5724
Albania 2019,14224.09807,,19.5028
Afghanistan 1999,,,157.71
Afghanistan 2017,2058.383832,,68.957
Afghanistan 2018,2083.321897,,65.141
Afghanistan 2019,2156.419482,,61.325